fieldtype,order,time
SDF,ZYX[],0.0021094716
SDF,YX[Z],0.0014586274
SDF,X[ZY],0.0023881031
SDF,[ZYX],0.0024603582
