block_size,time
32,6.046825
48,6.891419
64,5.778594
80,6.310314
128,5.784098
160,5.777969
256,5.892036
320,6.036040
512,6.911088
