tile_size,time
2,29.535337
4,9.708465
8,5.524038
16,5.568464
24,6.208976
32,7.090440
