tile_size,time
2,19.652893
4,6.434130
8,3.625935
16,3.463931
24,3.596304
32,3.865414
