block_size,time
32,3.541270
48,4.258215
64,3.453619
80,3.873053
128,3.452532
160,3.417779
256,3.412464
320,3.449218
512,3.509655
